film_id,title,actor_id,first_name_clean,last_name_clean,actor_full_name
1,"ACADEMY DINOSAUR",1,penelope,guiness,"penelope guiness"
23,"ANACONDA CONFESSIONS",1,penelope,guiness,"penelope guiness"
25,"ANGELS LIFE",1,penelope,guiness,"penelope guiness"
106,"BULWORTH COMMANDMENTS",1,penelope,guiness,"penelope guiness"
140,"CHEAPER CLYDE",1,penelope,guiness,"penelope guiness"
166,"COLOR PHILADELPHIA",1,penelope,guiness,"penelope guiness"
277,"ELEPHANT TROJAN",1,penelope,guiness,"penelope guiness"
361,"GLEAMING JAWBREAKER",1,penelope,guiness,"penelope guiness"
438,"HUMAN GRAFFITI",1,penelope,guiness,"penelope guiness"
499,"KING EVOLUTION",1,penelope,guiness,"penelope guiness"
506,"LADY STAGE",1,penelope,guiness,"penelope guiness"
509,"LANGUAGE COWBOY",1,penelope,guiness,"penelope guiness"
605,"MULHOLLAND BEAST",1,penelope,guiness,"penelope guiness"
635,"OKLAHOMA JUMANJI",1,penelope,guiness,"penelope guiness"
749,"RULES HUMAN",1,penelope,guiness,"penelope guiness"
832,"SPLASH GUMP",1,penelope,guiness,"penelope guiness"
939,"VERTIGO NORTHWEST",1,penelope,guiness,"penelope guiness"
970,"WESTWARD SEABISCUIT",1,penelope,guiness,"penelope guiness"
980,"WIZARD COLDBLOODED",1,penelope,guiness,"penelope guiness"
3,"ADAPTATION HOLES",2,nick,wahlberg,"nick wahlberg"
31,"APACHE DIVINE",2,nick,wahlberg,"nick wahlberg"
47,"BABY HALL",2,nick,wahlberg,"nick wahlberg"
105,"BULL SHAWSHANK",2,nick,wahlberg,"nick wahlberg"
132,"CHAINSAW UPTOWN",2,nick,wahlberg,"nick wahlberg"
145,"CHISUM BEHAVIOR",2,nick,wahlberg,"nick wahlberg"
226,"DESTINY SATURDAY",2,nick,wahlberg,"nick wahlberg"
249,"DRACULA CRYSTAL",2,nick,wahlberg,"nick wahlberg"
314,"FIGHT JAWBREAKER",2,nick,wahlberg,"nick wahlberg"
321,"FLASH WARS",2,nick,wahlberg,"nick wahlberg"
357,"GILBERT PELICAN",2,nick,wahlberg,"nick wahlberg"
369,"GOODFELLAS SALUTE",2,nick,wahlberg,"nick wahlberg"
399,"HAPPINESS UNITED",2,nick,wahlberg,"nick wahlberg"
458,"INDIAN LOVE",2,nick,wahlberg,"nick wahlberg"
481,"JEKYLL FROGMEN",2,nick,wahlberg,"nick wahlberg"
485,"JERSEY SASSY",2,nick,wahlberg,"nick wahlberg"
518,"LIAISONS SWEET",2,nick,wahlberg,"nick wahlberg"
540,"LUCKY FLYING",2,nick,wahlberg,"nick wahlberg"
550,"MAGUIRE APACHE",2,nick,wahlberg,"nick wahlberg"
555,"MALLRATS UNITED",2,nick,wahlberg,"nick wahlberg"
561,"MASK PEACH",2,nick,wahlberg,"nick wahlberg"
742,"ROOF CHAMPION",2,nick,wahlberg,"nick wahlberg"
754,"RUSHMORE MERMAID",2,nick,wahlberg,"nick wahlberg"
811,"SMILE EARRING",2,nick,wahlberg,"nick wahlberg"
958,"WARDROBE PHANTOM",2,nick,wahlberg,"nick wahlberg"
17,"ALONE TRIP",3,ed,chase,"ed chase"
40,"ARMY FLINTSTONES",3,ed,chase,"ed chase"
42,"ARTIST COLDBLOODED",3,ed,chase,"ed chase"
87,"BOONDOCK BALLROOM",3,ed,chase,"ed chase"
111,"CADDYSHACK JEDI",3,ed,chase,"ed chase"
185,"COWBOY DOOM",3,ed,chase,"ed chase"
289,"EVE RESURRECTION",3,ed,chase,"ed chase"
329,"FORREST SONS",3,ed,chase,"ed chase"
336,"FRENCH HOLIDAY",3,ed,chase,"ed chase"
341,"FROST HEAD",3,ed,chase,"ed chase"
393,"HALLOWEEN NUTS",3,ed,chase,"ed chase"
441,"HUNTER ALTER",3,ed,chase,"ed chase"
453,"IMAGE PRINCESS",3,ed,chase,"ed chase"
480,"JEEPERS WEDDING",3,ed,chase,"ed chase"
539,"LUCK OPUS",3,ed,chase,"ed chase"
618,"NECKLACE OUTBREAK",3,ed,chase,"ed chase"
685,"PLATOON INSTINCT",3,ed,chase,"ed chase"
827,"SPICE SORORITY",3,ed,chase,"ed chase"
966,"WEDDING APOLLO",3,ed,chase,"ed chase"
967,"WEEKEND PERSONAL",3,ed,chase,"ed chase"
971,"WHALE BIKINI",3,ed,chase,"ed chase"
996,"YOUNG LANGUAGE",3,ed,chase,"ed chase"
23,"ANACONDA CONFESSIONS",4,jennifer,davis,"jennifer davis"
25,"ANGELS LIFE",4,jennifer,davis,"jennifer davis"
56,"BAREFOOT MANCHURIAN",4,jennifer,davis,"jennifer davis"
62,"BED HIGHBALL",4,jennifer,davis,"jennifer davis"
79,"BLADE POLISH",4,jennifer,davis,"jennifer davis"
87,"BOONDOCK BALLROOM",4,jennifer,davis,"jennifer davis"
355,"GHOSTBUSTERS ELF",4,jennifer,davis,"jennifer davis"
379,"GREEDY ROOTS",4,jennifer,davis,"jennifer davis"
398,"HANOVER GALAXY",4,jennifer,davis,"jennifer davis"
463,"INSTINCT AIRPORT",4,jennifer,davis,"jennifer davis"
490,"JUMANJI BLADE",4,jennifer,davis,"jennifer davis"
616,"NATIONAL STORY",4,jennifer,davis,"jennifer davis"
635,"OKLAHOMA JUMANJI",4,jennifer,davis,"jennifer davis"
691,"POSEIDON FOREVER",4,jennifer,davis,"jennifer davis"
712,"RAIDERS ANTITRUST",4,jennifer,davis,"jennifer davis"
714,"RANDOM GO",4,jennifer,davis,"jennifer davis"
721,"REDS POCUS",4,jennifer,davis,"jennifer davis"
798,"SILVERADO GOLDFINGER",4,jennifer,davis,"jennifer davis"
832,"SPLASH GUMP",4,jennifer,davis,"jennifer davis"
858,"SUBMARINE BED",4,jennifer,davis,"jennifer davis"
909,"TREASURE COMMAND",4,jennifer,davis,"jennifer davis"
924,"UNFORGIVEN ZOOLANDER",4,jennifer,davis,"jennifer davis"
19,"AMADEUS HOLY",5,johnny,lollobrigida,"johnny lollobrigida"
54,"BANGER PINOCCHIO",5,johnny,lollobrigida,"johnny lollobrigida"
85,"BONNIE HOLOCAUST",5,johnny,lollobrigida,"johnny lollobrigida"
146,"CHITTY LOCK",5,johnny,lollobrigida,"johnny lollobrigida"
171,"COMMANDMENTS EXPRESS",5,johnny,lollobrigida,"johnny lollobrigida"
172,"CONEHEADS SMOOCHY",5,johnny,lollobrigida,"johnny lollobrigida"
202,"DADDY PITTSBURGH",5,johnny,lollobrigida,"johnny lollobrigida"
203,"DAISY MENAGERIE",5,johnny,lollobrigida,"johnny lollobrigida"
286,"ENOUGH RAGING",5,johnny,lollobrigida,"johnny lollobrigida"
288,"ESCAPE METROPOLIS",5,johnny,lollobrigida,"johnny lollobrigida"
316,"FIRE WOLVES",5,johnny,lollobrigida,"johnny lollobrigida"
340,"FRONTIER CABIN",5,johnny,lollobrigida,"johnny lollobrigida"
369,"GOODFELLAS SALUTE",5,johnny,lollobrigida,"johnny lollobrigida"
375,"GRAIL FRANKENSTEIN",5,johnny,lollobrigida,"johnny lollobrigida"
383,"GROOVE FICTION",5,johnny,lollobrigida,"johnny lollobrigida"
392,"HALL CASSIDY",5,johnny,lollobrigida,"johnny lollobrigida"
411,"HEAVENLY GUN",5,johnny,lollobrigida,"johnny lollobrigida"
503,"KRAMER CHOCOLATE",5,johnny,lollobrigida,"johnny lollobrigida"
535,"LOVE SUICIDES",5,johnny,lollobrigida,"johnny lollobrigida"
571,"METAL ARMAGEDDON",5,johnny,lollobrigida,"johnny lollobrigida"
650,"PACIFIC AMISTAD",5,johnny,lollobrigida,"johnny lollobrigida"
665,"PATTON INTERVIEW",5,johnny,lollobrigida,"johnny lollobrigida"
687,"POCUS PULP",5,johnny,lollobrigida,"johnny lollobrigida"
730,"RIDGEMONT SUBMARINE",5,johnny,lollobrigida,"johnny lollobrigida"
732,"RINGS HEARTBREAKERS",5,johnny,lollobrigida,"johnny lollobrigida"
811,"SMILE EARRING",5,johnny,lollobrigida,"johnny lollobrigida"
817,"SOLDIERS EVOLUTION",5,johnny,lollobrigida,"johnny lollobrigida"
841,"STAR OPERATION",5,johnny,lollobrigida,"johnny lollobrigida"
865,"SUNRISE LEAGUE",5,johnny,lollobrigida,"johnny lollobrigida"
29,"ANTITRUST TOMATOES",6,bette,nicholson,"bette nicholson"
53,"BANG KWAI",6,bette,nicholson,"bette nicholson"
60,"BEAST HUNCHBACK",6,bette,nicholson,"bette nicholson"
70,"BIKINI BORROWERS",6,bette,nicholson,"bette nicholson"
112,"CALENDAR GUNFIGHT",6,bette,nicholson,"bette nicholson"
164,"COAST RAINBOW",6,bette,nicholson,"bette nicholson"
165,"COLDBLOODED DARLING",6,bette,nicholson,"bette nicholson"
193,"CROSSROADS CASUALTIES",6,bette,nicholson,"bette nicholson"
256,"DROP WATERFRONT",6,bette,nicholson,"bette nicholson"
451,"IGBY MAKER",6,bette,nicholson,"bette nicholson"
503,"KRAMER CHOCOLATE",6,bette,nicholson,"bette nicholson"
509,"LANGUAGE COWBOY",6,bette,nicholson,"bette nicholson"
517,"LESSON CLEOPATRA",6,bette,nicholson,"bette nicholson"
519,"LIBERTY MAGNIFICENT",6,bette,nicholson,"bette nicholson"
605,"MULHOLLAND BEAST",6,bette,nicholson,"bette nicholson"
692,"POTLUCK MIXED",6,bette,nicholson,"bette nicholson"
826,"SPEED SUIT",6,bette,nicholson,"bette nicholson"
892,"TITANIC BOONDOCK",6,bette,nicholson,"bette nicholson"
902,"TRADING PINOCCHIO",6,bette,nicholson,"bette nicholson"
994,"WYOMING STORM",6,bette,nicholson,"bette nicholson"
25,"ANGELS LIFE",7,grace,mostel,"grace mostel"
27,"ANONYMOUS HUMAN",7,grace,mostel,"grace mostel"
35,"ARACHNOPHOBIA ROLLERCOASTER",7,grace,mostel,"grace mostel"
67,"BERETS AGENT",7,grace,mostel,"grace mostel"
96,"BREAKING HOME",7,grace,mostel,"grace mostel"
170,"COMMAND DARLING",7,grace,mostel,"grace mostel"
173,"CONFESSIONS MAGUIRE",7,grace,mostel,"grace mostel"
217,"DAZED PUNK",7,grace,mostel,"grace mostel"
218,"DECEIVER BETRAYED",7,grace,mostel,"grace mostel"
225,"DESTINATION JERK",7,grace,mostel,"grace mostel"
292,"EXCITEMENT EVE",7,grace,mostel,"grace mostel"
351,"GASLIGHT CRUSADE",7,grace,mostel,"grace mostel"
414,"HELLFIGHTERS SIERRA",7,grace,mostel,"grace mostel"
463,"INSTINCT AIRPORT",7,grace,mostel,"grace mostel"
554,"MALKOVICH PET",7,grace,mostel,"grace mostel"
618,"NECKLACE OUTBREAK",7,grace,mostel,"grace mostel"
633,"OCTOBER SUBMARINE",7,grace,mostel,"grace mostel"
637,"OPEN AFRICAN",7,grace,mostel,"grace mostel"
691,"POSEIDON FOREVER",7,grace,mostel,"grace mostel"
758,"SAINTS BRIDE",7,grace,mostel,"grace mostel"
766,"SAVANNAH TOWN",7,grace,mostel,"grace mostel"
770,"SCISSORHANDS SLUMS",7,grace,mostel,"grace mostel"
805,"SLEEPLESS MONSOON",7,grace,mostel,"grace mostel"
806,"SLEEPY JAPANESE",7,grace,mostel,"grace mostel"
846,"STING PERSONAL",7,grace,mostel,"grace mostel"
900,"TOWN ARK",7,grace,mostel,"grace mostel"
901,"TRACY CIDER",7,grace,mostel,"grace mostel"
910,"TREATMENT JEKYLL",7,grace,mostel,"grace mostel"
957,"WAR NOTTING",7,grace,mostel,"grace mostel"
959,"WARLOCK WEREWOLF",7,grace,mostel,"grace mostel"
47,"BABY HALL",8,matthew,johansson,"matthew johansson"
115,"CAMPUS REMEMBER",8,matthew,johansson,"matthew johansson"
158,"CLONES PINOCCHIO",8,matthew,johansson,"matthew johansson"
179,"CONQUERER NUTS",8,matthew,johansson,"matthew johansson"
195,"CROWDS TELEMARK",8,matthew,johansson,"matthew johansson"
205,"DANCES NONE",8,matthew,johansson,"matthew johansson"
255,"DRIVING POLISH",8,matthew,johansson,"matthew johansson"
263,"DURHAM PANKY",8,matthew,johansson,"matthew johansson"
321,"FLASH WARS",8,matthew,johansson,"matthew johansson"
396,"HANGING DEEP",8,matthew,johansson,"matthew johansson"
458,"INDIAN LOVE",8,matthew,johansson,"matthew johansson"
523,"LIGHTS DEER",8,matthew,johansson,"matthew johansson"
532,"LOSER HUSTLER",8,matthew,johansson,"matthew johansson"
554,"MALKOVICH PET",8,matthew,johansson,"matthew johansson"
752,"RUNNER MADIGAN",8,matthew,johansson,"matthew johansson"
769,"SCHOOL JACKET",8,matthew,johansson,"matthew johansson"
771,"SCORPION APOLLO",8,matthew,johansson,"matthew johansson"
859,"SUGAR WONKA",8,matthew,johansson,"matthew johansson"
895,"TOMORROW HUSTLER",8,matthew,johansson,"matthew johansson"
936,"VANISHING ROCKY",8,matthew,johansson,"matthew johansson"
30,"ANYTHING SAVANNAH",9,joe,swank,"joe swank"
74,"BIRCH ANTITRUST",9,joe,swank,"joe swank"
147,"CHOCOLAT HARRY",9,joe,swank,"joe swank"
148,"CHOCOLATE DUCK",9,joe,swank,"joe swank"
191,"CROOKED FROGMEN",9,joe,swank,"joe swank"
200,"CURTAIN VIDEOTAPE",9,joe,swank,"joe swank"
204,"DALMATIONS SWEDEN",9,joe,swank,"joe swank"
434,"HORROR REIGN",9,joe,swank,"joe swank"
510,"LAWLESS VISION",9,joe,swank,"joe swank"
514,"LEBOWSKI SOLDIERS",9,joe,swank,"joe swank"
552,"MAJESTIC FLOATS",9,joe,swank,"joe swank"
650,"PACIFIC AMISTAD",9,joe,swank,"joe swank"
671,"PERDITION FARGO",9,joe,swank,"joe swank"
697,"PRIMARY GLASS",9,joe,swank,"joe swank"
722,"REEF SALUTE",9,joe,swank,"joe swank"
752,"RUNNER MADIGAN",9,joe,swank,"joe swank"
811,"SMILE EARRING",9,joe,swank,"joe swank"
815,"SNATCHERS MONTEZUMA",9,joe,swank,"joe swank"
865,"SUNRISE LEAGUE",9,joe,swank,"joe swank"
873,"SWEETHEARTS SUSPECTS",9,joe,swank,"joe swank"
889,"TIES HUNGER",9,joe,swank,"joe swank"
903,"TRAFFIC HOBBIT",9,joe,swank,"joe swank"
926,"UNTOUCHABLES SUNRISE",9,joe,swank,"joe swank"
964,"WATERFRONT DELIVERANCE",9,joe,swank,"joe swank"
974,"WILD APOLLO",9,joe,swank,"joe swank"
1,"ACADEMY DINOSAUR",10,christian,gable,"christian gable"
9,"ALABAMA DEVIL",10,christian,gable,"christian gable"
191,"CROOKED FROGMEN",10,christian,gable,"christian gable"
236,"DIVINE RESURRECTION",10,christian,gable,"christian gable"
251,"DRAGONFLY STRANGERS",10,christian,gable,"christian gable"
366,"GOLDFINGER SENSIBILITY",10,christian,gable,"christian gable"
477,"JAWBREAKER BROOKLYN",10,christian,gable,"christian gable"
480,"JEEPERS WEDDING",10,christian,gable,"christian gable"
522,"LIFE TWISTED",10,christian,gable,"christian gable"
530,"LORD ARIZONA",10,christian,gable,"christian gable"
587,"MOD SECRETARY",10,christian,gable,"christian gable"
694,"PREJUDICE OLEANDER",10,christian,gable,"christian gable"
703,"PUNK DIVORCE",10,christian,gable,"christian gable"
716,"REAP UNFAITHFUL",10,christian,gable,"christian gable"
782,"SHAKESPEARE SADDLE",10,christian,gable,"christian gable"
914,"TROUBLE DATE",10,christian,gable,"christian gable"
929,"USUAL UNTOUCHABLES",10,christian,gable,"christian gable"
930,"VACATION BOONDOCK",10,christian,gable,"christian gable"
964,"WATERFRONT DELIVERANCE",10,christian,gable,"christian gable"
966,"WEDDING APOLLO",10,christian,gable,"christian gable"
980,"WIZARD COLDBLOODED",10,christian,gable,"christian gable"
983,"WON DARES",10,christian,gable,"christian gable"
118,"CANYON STOCK",11,zero,cage,"zero cage"
205,"DANCES NONE",11,zero,cage,"zero cage"
281,"ENCINO ELF",11,zero,cage,"zero cage"
283,"ENDING CROWDS",11,zero,cage,"zero cage"
348,"GANDHI KWAI",11,zero,cage,"zero cage"
364,"GODFATHER DIARY",11,zero,cage,"zero cage"
395,"HANDICAP BOONDOCK",11,zero,cage,"zero cage"
429,"HONEY TIES",11,zero,cage,"zero cage"
433,"HORN WORKING",11,zero,cage,"zero cage"
453,"IMAGE PRINCESS",11,zero,cage,"zero cage"
485,"JERSEY SASSY",11,zero,cage,"zero cage"
532,"LOSER HUSTLER",11,zero,cage,"zero cage"
567,"MEET CHOCOLATE",11,zero,cage,"zero cage"
587,"MOD SECRETARY",11,zero,cage,"zero cage"
597,"MOONWALKER FOOL",11,zero,cage,"zero cage"
636,"OLEANDER CLUE",11,zero,cage,"zero cage"
709,"RACER EGG",11,zero,cage,"zero cage"
850,"STORY SIDE",11,zero,cage,"zero cage"
854,"STRANGERS GRAFFITI",11,zero,cage,"zero cage"
888,"THIN SAGEBRUSH",11,zero,cage,"zero cage"
896,"TOOTSIE PILOT",11,zero,cage,"zero cage"
928,"UPTOWN YOUNG",11,zero,cage,"zero cage"
938,"VELVET TERMINATOR",11,zero,cage,"zero cage"
969,"WEST LION",11,zero,cage,"zero cage"
988,"WORKER TARZAN",11,zero,cage,"zero cage"
16,"ALLEY EVOLUTION",12,karl,berry,"karl berry"
17,"ALONE TRIP",12,karl,berry,"karl berry"
34,"ARABIA DOGMA",12,karl,berry,"karl berry"
37,"ARIZONA BANG",12,karl,berry,"karl berry"
91,"BOUND CHEAPER",12,karl,berry,"karl berry"
92,"BOWFINGER GABLES",12,karl,berry,"karl berry"
107,"BUNCH MINDS",12,karl,berry,"karl berry"
155,"CLEOPATRA DEVIL",12,karl,berry,"karl berry"
177,"CONNECTICUT TRAMP",12,karl,berry,"karl berry"
208,"DARES PLUTO",12,karl,berry,"karl berry"
213,"DATE SPEED",12,karl,berry,"karl berry"
216,"DAY UNFAITHFUL",12,karl,berry,"karl berry"
243,"DOORS PRESIDENT",12,karl,berry,"karl berry"
344,"FURY MURDER",12,karl,berry,"karl berry"
400,"HARDLY ROBBERS",12,karl,berry,"karl berry"
416,"HIGHBALL POTTER",12,karl,berry,"karl berry"
420,"HOLES BRANNIGAN",12,karl,berry,"karl berry"
457,"INDEPENDENCE HOTEL",12,karl,berry,"karl berry"
513,"LEATHERNECKS DWARFS",12,karl,berry,"karl berry"
540,"LUCKY FLYING",12,karl,berry,"karl berry"
593,"MONTEREY LABYRINTH",12,karl,berry,"karl berry"
631,"NOVOCAINE FLIGHT",12,karl,berry,"karl berry"
635,"OKLAHOMA JUMANJI",12,karl,berry,"karl berry"
672,"PERFECT GROOVE",12,karl,berry,"karl berry"
716,"REAP UNFAITHFUL",12,karl,berry,"karl berry"
728,"REUNION WITCHES",12,karl,berry,"karl berry"
812,"SMOKING BARBARELLA",12,karl,berry,"karl berry"
838,"STAGECOACH ARMAGEDDON",12,karl,berry,"karl berry"
871,"SWEDEN SHINING",12,karl,berry,"karl berry"
880,"TELEMARK HEARTBREAKERS",12,karl,berry,"karl berry"
945,"VIRGINIAN PLUTO",12,karl,berry,"karl berry"
17,"ALONE TRIP",13,uma,wood,"uma wood"
29,"ANTITRUST TOMATOES",13,uma,wood,"uma wood"
45,"ATTRACTION NEWTON",13,uma,wood,"uma wood"
87,"BOONDOCK BALLROOM",13,uma,wood,"uma wood"
110,"CABIN FLASH",13,uma,wood,"uma wood"
144,"CHINATOWN GLADIATOR",13,uma,wood,"uma wood"
154,"CLASH FREDDY",13,uma,wood,"uma wood"
162,"CLUELESS BUCKET",13,uma,wood,"uma wood"
203,"DAISY MENAGERIE",13,uma,wood,"uma wood"
254,"DRIVER ANNIE",13,uma,wood,"uma wood"
337,"FRIDA SLIPPER",13,uma,wood,"uma wood"
346,"GALAXY SWEETHEARTS",13,uma,wood,"uma wood"
381,"GRINCH MASSAGE",13,uma,wood,"uma wood"
385,"GROUNDHOG UNCUT",13,uma,wood,"uma wood"
427,"HOMEWARD CIDER",13,uma,wood,"uma wood"
456,"INCH JET",13,uma,wood,"uma wood"
513,"LEATHERNECKS DWARFS",13,uma,wood,"uma wood"
515,"LEGALLY SECRETARY",13,uma,wood,"uma wood"
522,"LIFE TWISTED",13,uma,wood,"uma wood"
524,"LION UNCUT",13,uma,wood,"uma wood"
528,"LOLITA WORLD",13,uma,wood,"uma wood"
571,"METAL ARMAGEDDON",13,uma,wood,"uma wood"
588,"MODEL FISH",13,uma,wood,"uma wood"
597,"MOONWALKER FOOL",13,uma,wood,"uma wood"
600,"MOTIONS DETAILS",13,uma,wood,"uma wood"
718,"REBEL AIRPORT",13,uma,wood,"uma wood"
729,"RIDER CADDYSHACK",13,uma,wood,"uma wood"
816,"SNOWMAN ROLLERCOASTER",13,uma,wood,"uma wood"
817,"SOLDIERS EVOLUTION",13,uma,wood,"uma wood"
832,"SPLASH GUMP",13,uma,wood,"uma wood"
833,"SPLENDOR PATTON",13,uma,wood,"uma wood"
843,"STEEL SANTA",13,uma,wood,"uma wood"
897,"TORQUE BOUND",13,uma,wood,"uma wood"
966,"WEDDING APOLLO",13,uma,wood,"uma wood"
998,"ZHIVAGO CORE",13,uma,wood,"uma wood"
154,"CLASH FREDDY",14,vivien,bergen,"vivien bergen"
187,"CRANES RESERVOIR",14,vivien,bergen,"vivien bergen"
232,"DIRTY ACE",14,vivien,bergen,"vivien bergen"
241,"DONNIE ALLEY",14,vivien,bergen,"vivien bergen"
253,"DRIFTER COMMANDMENTS",14,vivien,bergen,"vivien bergen"
255,"DRIVING POLISH",14,vivien,bergen,"vivien bergen"
258,"DRUMS DYNAMITE",14,vivien,bergen,"vivien bergen"
284,"ENEMY ODDS",14,vivien,bergen,"vivien bergen"
292,"EXCITEMENT EVE",14,vivien,bergen,"vivien bergen"
370,"GORGEOUS BINGO",14,vivien,bergen,"vivien bergen"
415,"HIGH ENCINO",14,vivien,bergen,"vivien bergen"
417,"HILLS NEIGHBORS",14,vivien,bergen,"vivien bergen"
418,"HOBBIT ALIEN",14,vivien,bergen,"vivien bergen"
454,"IMPACT ALADDIN",14,vivien,bergen,"vivien bergen"
472,"ITALIAN AFRICAN",14,vivien,bergen,"vivien bergen"
475,"JAPANESE RUN",14,vivien,bergen,"vivien bergen"
495,"KENTUCKIAN GIANT",14,vivien,bergen,"vivien bergen"
536,"LOVELY JINGLE",14,vivien,bergen,"vivien bergen"
537,"LOVER TRUMAN",14,vivien,bergen,"vivien bergen"
612,"MUSSOLINI SPOILERS",14,vivien,bergen,"vivien bergen"
688,"POLISH BROOKLYN",14,vivien,bergen,"vivien bergen"
759,"SALUTE APOLLO",14,vivien,bergen,"vivien bergen"
764,"SATURDAY LAMBS",14,vivien,bergen,"vivien bergen"
847,"STOCK GLASS",14,vivien,bergen,"vivien bergen"
856,"STREETCAR INTENTIONS",14,vivien,bergen,"vivien bergen"
890,"TIGHTS DAWN",14,vivien,bergen,"vivien bergen"
908,"TRAP GUYS",14,vivien,bergen,"vivien bergen"
919,"TYCOON GATHERING",14,vivien,bergen,"vivien bergen"
948,"VOICE PEACH",14,vivien,bergen,"vivien bergen"
970,"WESTWARD SEABISCUIT",14,vivien,bergen,"vivien bergen"
31,"APACHE DIVINE",15,cuba,olivier,"cuba olivier"
89,"BORROWERS BEDAZZLED",15,cuba,olivier,"cuba olivier"
91,"BOUND CHEAPER",15,cuba,olivier,"cuba olivier"
108,"BUTCH PANTHER",15,cuba,olivier,"cuba olivier"
125,"CASSIDY WYOMING",15,cuba,olivier,"cuba olivier"
236,"DIVINE RESURRECTION",15,cuba,olivier,"cuba olivier"
275,"EGYPT TENENBAUMS",15,cuba,olivier,"cuba olivier"
280,"EMPIRE MALKOVICH",15,cuba,olivier,"cuba olivier"
326,"FLYING HOOK",15,cuba,olivier,"cuba olivier"
342,"FUGITIVE MAGUIRE",15,cuba,olivier,"cuba olivier"
414,"HELLFIGHTERS SIERRA",15,cuba,olivier,"cuba olivier"
445,"HYDE DOCTOR",15,cuba,olivier,"cuba olivier"
500,"KISS GLORY",15,cuba,olivier,"cuba olivier"
502,"KNOCK WARLOCK",15,cuba,olivier,"cuba olivier"
541,"LUKE MUMMY",15,cuba,olivier,"cuba olivier"
553,"MAKER GABLES",15,cuba,olivier,"cuba olivier"
594,"MONTEZUMA COMMAND",15,cuba,olivier,"cuba olivier"
626,"NOON PAPI",15,cuba,olivier,"cuba olivier"
635,"OKLAHOMA JUMANJI",15,cuba,olivier,"cuba olivier"
745,"ROSES TREASURE",15,cuba,olivier,"cuba olivier"
783,"SHANE DARKNESS",15,cuba,olivier,"cuba olivier"
795,"SIEGE MADRE",15,cuba,olivier,"cuba olivier"
817,"SOLDIERS EVOLUTION",15,cuba,olivier,"cuba olivier"
886,"THEORY MERMAID",15,cuba,olivier,"cuba olivier"
924,"UNFORGIVEN ZOOLANDER",15,cuba,olivier,"cuba olivier"
949,"VOLCANO TEXAS",15,cuba,olivier,"cuba olivier"
968,"WEREWOLF LOLA",15,cuba,olivier,"cuba olivier"
985,"WONDERLAND CHRISTMAS",15,cuba,olivier,"cuba olivier"
80,"BLANKET BEVERLY",16,fred,costner,"fred costner"
87,"BOONDOCK BALLROOM",16,fred,costner,"fred costner"
101,"BROTHERHOOD BLANKET",16,fred,costner,"fred costner"
121,"CAROL TEXAS",16,fred,costner,"fred costner"
155,"CLEOPATRA DEVIL",16,fred,costner,"fred costner"
177,"CONNECTICUT TRAMP",16,fred,costner,"fred costner"
218,"DECEIVER BETRAYED",16,fred,costner,"fred costner"
221,"DELIVERANCE MULHOLLAND",16,fred,costner,"fred costner"
267,"EAGLES PANKY",16,fred,costner,"fred costner"
269,"EARRING INSTINCT",16,fred,costner,"fred costner"
271,"EASY GLADIATOR",16,fred,costner,"fred costner"
280,"EMPIRE MALKOVICH",16,fred,costner,"fred costner"
287,"ENTRAPMENT SATISFACTION",16,fred,costner,"fred costner"
345,"GABLES METROPOLIS",16,fred,costner,"fred costner"
438,"HUMAN GRAFFITI",16,fred,costner,"fred costner"
453,"IMAGE PRINCESS",16,fred,costner,"fred costner"
455,"IMPOSSIBLE PREJUDICE",16,fred,costner,"fred costner"
456,"INCH JET",16,fred,costner,"fred costner"
503,"KRAMER CHOCOLATE",16,fred,costner,"fred costner"
548,"MAGNIFICENT CHITTY",16,fred,costner,"fred costner"
582,"MIRACLE VIRTUAL",16,fred,costner,"fred costner"
583,"MISSION ZOOLANDER",16,fred,costner,"fred costner"
717,"REAR TRADING",16,fred,costner,"fred costner"
758,"SAINTS BRIDE",16,fred,costner,"fred costner"
779,"SENSE GREEK",16,fred,costner,"fred costner"
886,"THEORY MERMAID",16,fred,costner,"fred costner"
967,"WEEKEND PERSONAL",16,fred,costner,"fred costner"
96,"BREAKING HOME",17,helen,voight,"helen voight"
119,"CAPER MOTIONS",17,helen,voight,"helen voight"
124,"CASPER DRAGONFLY",17,helen,voight,"helen voight"
127,"CAT CONEHEADS",17,helen,voight,"helen voight"
154,"CLASH FREDDY",17,helen,voight,"helen voight"
199,"CUPBOARD SINNERS",17,helen,voight,"helen voight"
201,"CYCLONE FAMILY",17,helen,voight,"helen voight"
236,"DIVINE RESURRECTION",17,helen,voight,"helen voight"
280,"EMPIRE MALKOVICH",17,helen,voight,"helen voight"
310,"FEVER EMPIRE",17,helen,voight,"helen voight"
313,"FIDELITY DEVIL",17,helen,voight,"helen voight"
378,"GREATEST NORTH",17,helen,voight,"helen voight"
457,"INDEPENDENCE HOTEL",17,helen,voight,"helen voight"
469,"IRON MOON",17,helen,voight,"helen voight"
478,"JAWS HARRY",17,helen,voight,"helen voight"
500,"KISS GLORY",17,helen,voight,"helen voight"
515,"LEGALLY SECRETARY",17,helen,voight,"helen voight"
521,"LIES TREATMENT",17,helen,voight,"helen voight"
573,"MICROCOSMOS PARADISE",17,helen,voight,"helen voight"
603,"MOVIE SHAKESPEARE",17,helen,voight,"helen voight"
606,"MUMMY CREATURES",17,helen,voight,"helen voight"
734,"ROAD ROXANNE",17,helen,voight,"helen voight"
770,"SCISSORHANDS SLUMS",17,helen,voight,"helen voight"
794,"SIDE ARK",17,helen,voight,"helen voight"
800,"SINNERS ATLANTIS",17,helen,voight,"helen voight"
853,"STRANGER STRANGERS",17,helen,voight,"helen voight"
873,"SWEETHEARTS SUSPECTS",17,helen,voight,"helen voight"
874,"TADPOLE PARK",17,helen,voight,"helen voight"
880,"TELEMARK HEARTBREAKERS",17,helen,voight,"helen voight"
948,"VOICE PEACH",17,helen,voight,"helen voight"
957,"WAR NOTTING",17,helen,voight,"helen voight"
959,"WARLOCK WEREWOLF",17,helen,voight,"helen voight"
44,"ATTACKS HATE",18,dan,torn,"dan torn"
84,"BOILED DARES",18,dan,torn,"dan torn"
144,"CHINATOWN GLADIATOR",18,dan,torn,"dan torn"
172,"CONEHEADS SMOOCHY",18,dan,torn,"dan torn"
268,"EARLY HOME",18,dan,torn,"dan torn"
279,"ELIZABETH SHANE",18,dan,torn,"dan torn"
280,"EMPIRE MALKOVICH",18,dan,torn,"dan torn"
321,"FLASH WARS",18,dan,torn,"dan torn"
386,"GUMP DATE",18,dan,torn,"dan torn"
460,"INNOCENT USUAL",18,dan,torn,"dan torn"
462,"INSIDER ARIZONA",18,dan,torn,"dan torn"
484,"JERK PAYCHECK",18,dan,torn,"dan torn"
536,"LOVELY JINGLE",18,dan,torn,"dan torn"
561,"MASK PEACH",18,dan,torn,"dan torn"
612,"MUSSOLINI SPOILERS",18,dan,torn,"dan torn"
717,"REAR TRADING",18,dan,torn,"dan torn"
808,"SLING LUKE",18,dan,torn,"dan torn"
842,"STATE WASTELAND",18,dan,torn,"dan torn"
863,"SUN CONFESSIONS",18,dan,torn,"dan torn"
883,"TEQUILA PAST",18,dan,torn,"dan torn"
917,"TUXEDO MILE",18,dan,torn,"dan torn"
944,"VIRGIN DAISY",18,dan,torn,"dan torn"
2,"ACE GOLDFINGER",19,bob,fawcett,"bob fawcett"
3,"ADAPTATION HOLES",19,bob,fawcett,"bob fawcett"
144,"CHINATOWN GLADIATOR",19,bob,fawcett,"bob fawcett"
152,"CIRCUS YOUTH",19,bob,fawcett,"bob fawcett"
182,"CONTROL ANTHEM",19,bob,fawcett,"bob fawcett"
208,"DARES PLUTO",19,bob,fawcett,"bob fawcett"
212,"DARN FORRESTER",19,bob,fawcett,"bob fawcett"
217,"DAZED PUNK",19,bob,fawcett,"bob fawcett"
266,"DYNAMITE TARZAN",19,bob,fawcett,"bob fawcett"
404,"HATE HANDICAP",19,bob,fawcett,"bob fawcett"
428,"HOMICIDE PEACH",19,bob,fawcett,"bob fawcett"
473,"JACKET FRISCO",19,bob,fawcett,"bob fawcett"
490,"JUMANJI BLADE",19,bob,fawcett,"bob fawcett"
510,"LAWLESS VISION",19,bob,fawcett,"bob fawcett"
513,"LEATHERNECKS DWARFS",19,bob,fawcett,"bob fawcett"
644,"OSCAR GOLD",19,bob,fawcett,"bob fawcett"
670,"PELICAN COMFORTS",19,bob,fawcett,"bob fawcett"
673,"PERSONAL LADYBUGS",19,bob,fawcett,"bob fawcett"
711,"RAGING AIRPLANE",19,bob,fawcett,"bob fawcett"
750,"RUN PACIFIC",19,bob,fawcett,"bob fawcett"
752,"RUNNER MADIGAN",19,bob,fawcett,"bob fawcett"
756,"SADDLE ANTITRUST",19,bob,fawcett,"bob fawcett"
771,"SCORPION APOLLO",19,bob,fawcett,"bob fawcett"
785,"SHAWSHANK BUBBLE",19,bob,fawcett,"bob fawcett"
877,"TAXI KICK",19,bob,fawcett,"bob fawcett"
1,"ACADEMY DINOSAUR",20,lucille,tracy,"lucille tracy"
54,"BANGER PINOCCHIO",20,lucille,tracy,"lucille tracy"
63,"BEDAZZLED MARRIED",20,lucille,tracy,"lucille tracy"
140,"CHEAPER CLYDE",20,lucille,tracy,"lucille tracy"
146,"CHITTY LOCK",20,lucille,tracy,"lucille tracy"
165,"COLDBLOODED DARLING",20,lucille,tracy,"lucille tracy"
231,"DINOSAUR SECRETARY",20,lucille,tracy,"lucille tracy"
243,"DOORS PRESIDENT",20,lucille,tracy,"lucille tracy"
269,"EARRING INSTINCT",20,lucille,tracy,"lucille tracy"
274,"EGG IGBY",20,lucille,tracy,"lucille tracy"
348,"GANDHI KWAI",20,lucille,tracy,"lucille tracy"
366,"GOLDFINGER SENSIBILITY",20,lucille,tracy,"lucille tracy"
445,"HYDE DOCTOR",20,lucille,tracy,"lucille tracy"
478,"JAWS HARRY",20,lucille,tracy,"lucille tracy"
492,"JUNGLE CLOSER",20,lucille,tracy,"lucille tracy"
499,"KING EVOLUTION",20,lucille,tracy,"lucille tracy"
527,"LOLA AGENT",20,lucille,tracy,"lucille tracy"
531,"LOSE INCH",20,lucille,tracy,"lucille tracy"
538,"LOVERBOY ATTACKS",20,lucille,tracy,"lucille tracy"
589,"MODERN DORADO",20,lucille,tracy,"lucille tracy"
643,"ORIENT CLOSER",20,lucille,tracy,"lucille tracy"
652,"PAJAMA JAWBREAKER",20,lucille,tracy,"lucille tracy"
663,"PATIENT SISTER",20,lucille,tracy,"lucille tracy"
714,"RANDOM GO",20,lucille,tracy,"lucille tracy"
717,"REAR TRADING",20,lucille,tracy,"lucille tracy"
757,"SAGEBRUSH CLUELESS",20,lucille,tracy,"lucille tracy"
784,"SHANGHAI TYCOON",20,lucille,tracy,"lucille tracy"
863,"SUN CONFESSIONS",20,lucille,tracy,"lucille tracy"
962,"WASTELAND DIVINE",20,lucille,tracy,"lucille tracy"
977,"WINDOW SIDE",20,lucille,tracy,"lucille tracy"
6,"AGENT TRUMAN",21,kirsten,paltrow,"kirsten paltrow"
87,"BOONDOCK BALLROOM",21,kirsten,paltrow,"kirsten paltrow"
88,"BORN SPINAL",21,kirsten,paltrow,"kirsten paltrow"
142,"CHICKEN HELLFIGHTERS",21,kirsten,paltrow,"kirsten paltrow"
159,"CLOSER BANG",21,kirsten,paltrow,"kirsten paltrow"
179,"CONQUERER NUTS",21,kirsten,paltrow,"kirsten paltrow"
253,"DRIFTER COMMANDMENTS",21,kirsten,paltrow,"kirsten paltrow"
281,"ENCINO ELF",21,kirsten,paltrow,"kirsten paltrow"
321,"FLASH WARS",21,kirsten,paltrow,"kirsten paltrow"
398,"HANOVER GALAXY",21,kirsten,paltrow,"kirsten paltrow"
426,"HOME PITY",21,kirsten,paltrow,"kirsten paltrow"
429,"HONEY TIES",21,kirsten,paltrow,"kirsten paltrow"
497,"KILL BROTHERHOOD",21,kirsten,paltrow,"kirsten paltrow"
507,"LADYBUGS ARMAGEDDON",21,kirsten,paltrow,"kirsten paltrow"
530,"LORD ARIZONA",21,kirsten,paltrow,"kirsten paltrow"
680,"PINOCCHIO SIMON",21,kirsten,paltrow,"kirsten paltrow"
686,"PLUTO OLEANDER",21,kirsten,paltrow,"kirsten paltrow"
700,"PRIX UNDEFEATED",21,kirsten,paltrow,"kirsten paltrow"
702,"PULP BEVERLY",21,kirsten,paltrow,"kirsten paltrow"
733,"RIVER OUTLAW",21,kirsten,paltrow,"kirsten paltrow"
734,"ROAD ROXANNE",21,kirsten,paltrow,"kirsten paltrow"
798,"SILVERADO GOLDFINGER",21,kirsten,paltrow,"kirsten paltrow"
804,"SLEEPING SUSPECTS",21,kirsten,paltrow,"kirsten paltrow"
887,"THIEF PELICAN",21,kirsten,paltrow,"kirsten paltrow"
893,"TITANS JERK",21,kirsten,paltrow,"kirsten paltrow"
920,"UNBREAKABLE KARATE",21,kirsten,paltrow,"kirsten paltrow"
983,"WON DARES",21,kirsten,paltrow,"kirsten paltrow"
9,"ALABAMA DEVIL",22,elvis,marx,"elvis marx"
23,"ANACONDA CONFESSIONS",22,elvis,marx,"elvis marx"
56,"BAREFOOT MANCHURIAN",22,elvis,marx,"elvis marx"
89,"BORROWERS BEDAZZLED",22,elvis,marx,"elvis marx"
111,"CADDYSHACK JEDI",22,elvis,marx,"elvis marx"
146,"CHITTY LOCK",22,elvis,marx,"elvis marx"
291,"EVOLUTION ALTER",22,elvis,marx,"elvis marx"
294,"EXPECATIONS NATURAL",22,elvis,marx,"elvis marx"
349,"GANGS PRIDE",22,elvis,marx,"elvis marx"
369,"GOODFELLAS SALUTE",22,elvis,marx,"elvis marx"
418,"HOBBIT ALIEN",22,elvis,marx,"elvis marx"
430,"HOOK CHARIOTS",22,elvis,marx,"elvis marx"
483,"JERICHO MULAN",22,elvis,marx,"elvis marx"
491,"JUMPING WRATH",22,elvis,marx,"elvis marx"
495,"KENTUCKIAN GIANT",22,elvis,marx,"elvis marx"
536,"LOVELY JINGLE",22,elvis,marx,"elvis marx"
600,"MOTIONS DETAILS",22,elvis,marx,"elvis marx"
634,"ODDS BOOGIE",22,elvis,marx,"elvis marx"
648,"OUTLAW HANKY",22,elvis,marx,"elvis marx"
688,"POLISH BROOKLYN",22,elvis,marx,"elvis marx"
731,"RIGHT CRANES",22,elvis,marx,"elvis marx"
742,"ROOF CHAMPION",22,elvis,marx,"elvis marx"
775,"SEATTLE EXPECATIONS",22,elvis,marx,"elvis marx"
802,"SKY MIRACLE",22,elvis,marx,"elvis marx"
912,"TROJAN TOMORROW",22,elvis,marx,"elvis marx"
964,"WATERFRONT DELIVERANCE",22,elvis,marx,"elvis marx"
6,"AGENT TRUMAN",23,sandra,kilmer,"sandra kilmer"
42,"ARTIST COLDBLOODED",23,sandra,kilmer,"sandra kilmer"
78,"BLACKOUT PRIVATE",23,sandra,kilmer,"sandra kilmer"
105,"BULL SHAWSHANK",23,sandra,kilmer,"sandra kilmer"
116,"CANDIDATE PERDITION",23,sandra,kilmer,"sandra kilmer"
117,"CANDLES GRAPES",23,sandra,kilmer,"sandra kilmer"
125,"CASSIDY WYOMING",23,sandra,kilmer,"sandra kilmer"
212,"DARN FORRESTER",23,sandra,kilmer,"sandra kilmer"
226,"DESTINY SATURDAY",23,sandra,kilmer,"sandra kilmer"
235,"DIVIDE MONSTER",23,sandra,kilmer,"sandra kilmer"
254,"DRIVER ANNIE",23,sandra,kilmer,"sandra kilmer"
367,"GOLDMINE TYCOON",23,sandra,kilmer,"sandra kilmer"
370,"GORGEOUS BINGO",23,sandra,kilmer,"sandra kilmer"
414,"HELLFIGHTERS SIERRA",23,sandra,kilmer,"sandra kilmer"
419,"HOCUS FRIDA",23,sandra,kilmer,"sandra kilmer"
435,"HOTEL HAPPINESS",23,sandra,kilmer,"sandra kilmer"
449,"IDENTITY LOVER",23,sandra,kilmer,"sandra kilmer"
491,"JUMPING WRATH",23,sandra,kilmer,"sandra kilmer"
536,"LOVELY JINGLE",23,sandra,kilmer,"sandra kilmer"
549,"MAGNOLIA FORRESTER",23,sandra,kilmer,"sandra kilmer"
636,"OLEANDER CLUE",23,sandra,kilmer,"sandra kilmer"
649,"OZ LIAISONS",23,sandra,kilmer,"sandra kilmer"
673,"PERSONAL LADYBUGS",23,sandra,kilmer,"sandra kilmer"
691,"POSEIDON FOREVER",23,sandra,kilmer,"sandra kilmer"
766,"SAVANNAH TOWN",23,sandra,kilmer,"sandra kilmer"
782,"SHAKESPEARE SADDLE",23,sandra,kilmer,"sandra kilmer"
804,"SLEEPING SUSPECTS",23,sandra,kilmer,"sandra kilmer"
820,"SONS INTERVIEW",23,sandra,kilmer,"sandra kilmer"
826,"SPEED SUIT",23,sandra,kilmer,"sandra kilmer"
833,"SPLENDOR PATTON",23,sandra,kilmer,"sandra kilmer"
842,"STATE WASTELAND",23,sandra,kilmer,"sandra kilmer"
853,"STRANGER STRANGERS",23,sandra,kilmer,"sandra kilmer"
855,"STREAK RIDGEMONT",23,sandra,kilmer,"sandra kilmer"
856,"STREETCAR INTENTIONS",23,sandra,kilmer,"sandra kilmer"
935,"VANISHED GARDEN",23,sandra,kilmer,"sandra kilmer"
981,"WOLVES DESIRE",23,sandra,kilmer,"sandra kilmer"
997,"YOUTH KICK",23,sandra,kilmer,"sandra kilmer"
3,"ADAPTATION HOLES",24,cameron,streep,"cameron streep"
83,"BLUES INSTINCT",24,cameron,streep,"cameron streep"
112,"CALENDAR GUNFIGHT",24,cameron,streep,"cameron streep"
126,"CASUALTIES ENCINO",24,cameron,streep,"cameron streep"
148,"CHOCOLATE DUCK",24,cameron,streep,"cameron streep"
164,"COAST RAINBOW",24,cameron,streep,"cameron streep"
178,"CONNECTION MICROCOSMOS",24,cameron,streep,"cameron streep"
194,"CROW GREASE",24,cameron,streep,"cameron streep"
199,"CUPBOARD SINNERS",24,cameron,streep,"cameron streep"
242,"DOOM DANCING",24,cameron,streep,"cameron streep"
256,"DROP WATERFRONT",24,cameron,streep,"cameron streep"
277,"ELEPHANT TROJAN",24,cameron,streep,"cameron streep"
335,"FREEDOM CLEOPATRA",24,cameron,streep,"cameron streep"
405,"HAUNTED ANTITRUST",24,cameron,streep,"cameron streep"
463,"INSTINCT AIRPORT",24,cameron,streep,"cameron streep"
515,"LEGALLY SECRETARY",24,cameron,streep,"cameron streep"
585,"MOB DUFFEL",24,cameron,streep,"cameron streep"
603,"MOVIE SHAKESPEARE",24,cameron,streep,"cameron streep"
653,"PANIC CLUB",24,cameron,streep,"cameron streep"
704,"PURE RUNNER",24,cameron,streep,"cameron streep"
781,"SEVEN SWARM",24,cameron,streep,"cameron streep"
829,"SPINAL ROCKY",24,cameron,streep,"cameron streep"
832,"SPLASH GUMP",24,cameron,streep,"cameron streep"
969,"WEST LION",24,cameron,streep,"cameron streep"
21,"AMERICAN CIRCUS",25,kevin,bloom,"kevin bloom"
86,"BOOGIE AMELIE",25,kevin,bloom,"kevin bloom"
153,"CITIZEN SHREK",25,kevin,bloom,"kevin bloom"
179,"CONQUERER NUTS",25,kevin,bloom,"kevin bloom"
204,"DALMATIONS SWEDEN",25,kevin,bloom,"kevin bloom"
213,"DATE SPEED",25,kevin,bloom,"kevin bloom"
226,"DESTINY SATURDAY",25,kevin,bloom,"kevin bloom"
245,"DOUBLE WRATH",25,kevin,bloom,"kevin bloom"
311,"FICTION CHRISTMAS",25,kevin,bloom,"kevin bloom"
404,"HATE HANDICAP",25,kevin,bloom,"kevin bloom"
411,"HEAVENLY GUN",25,kevin,bloom,"kevin bloom"
420,"HOLES BRANNIGAN",25,kevin,bloom,"kevin bloom"
538,"LOVERBOY ATTACKS",25,kevin,bloom,"kevin bloom"
564,"MASSAGE IMAGE",25,kevin,bloom,"kevin bloom"
583,"MISSION ZOOLANDER",25,kevin,bloom,"kevin bloom"
606,"MUMMY CREATURES",25,kevin,bloom,"kevin bloom"
688,"POLISH BROOKLYN",25,kevin,bloom,"kevin bloom"
697,"PRIMARY GLASS",25,kevin,bloom,"kevin bloom"
755,"SABRINA MIDNIGHT",25,kevin,bloom,"kevin bloom"
871,"SWEDEN SHINING",25,kevin,bloom,"kevin bloom"
914,"TROUBLE DATE",25,kevin,bloom,"kevin bloom"
9,"ALABAMA DEVIL",26,rip,crawford,"rip crawford"
21,"AMERICAN CIRCUS",26,rip,crawford,"rip crawford"
34,"ARABIA DOGMA",26,rip,crawford,"rip crawford"
90,"BOULEVARD MOB",26,rip,crawford,"rip crawford"
93,"BRANNIGAN SUNRISE",26,rip,crawford,"rip crawford"
103,"BUCKET BROTHERHOOD",26,rip,crawford,"rip crawford"
147,"CHOCOLAT HARRY",26,rip,crawford,"rip crawford"
186,"CRAFT OUTFIELD",26,rip,crawford,"rip crawford"
201,"CYCLONE FAMILY",26,rip,crawford,"rip crawford"
225,"DESTINATION JERK",26,rip,crawford,"rip crawford"
241,"DONNIE ALLEY",26,rip,crawford,"rip crawford"
327,"FOOL MOCKINGBIRD",26,rip,crawford,"rip crawford"
329,"FORREST SONS",26,rip,crawford,"rip crawford"
340,"FRONTIER CABIN",26,rip,crawford,"rip crawford"
345,"GABLES METROPOLIS",26,rip,crawford,"rip crawford"
390,"GUYS FALCON",26,rip,crawford,"rip crawford"
392,"HALL CASSIDY",26,rip,crawford,"rip crawford"
529,"LONELY ELEPHANT",26,rip,crawford,"rip crawford"
544,"MADISON TRAP",26,rip,crawford,"rip crawford"
564,"MASSAGE IMAGE",26,rip,crawford,"rip crawford"
635,"OKLAHOMA JUMANJI",26,rip,crawford,"rip crawford"
644,"OSCAR GOLD",26,rip,crawford,"rip crawford"
682,"PITTSBURGH HUNCHBACK",26,rip,crawford,"rip crawford"
688,"POLISH BROOKLYN",26,rip,crawford,"rip crawford"
715,"RANGE MOONWALKER",26,rip,crawford,"rip crawford"
732,"RINGS HEARTBREAKERS",26,rip,crawford,"rip crawford"
758,"SAINTS BRIDE",26,rip,crawford,"rip crawford"
764,"SATURDAY LAMBS",26,rip,crawford,"rip crawford"
795,"SIEGE MADRE",26,rip,crawford,"rip crawford"
821,"SORORITY QUEEN",26,rip,crawford,"rip crawford"
885,"TEXAS WATCH",26,rip,crawford,"rip crawford"
904,"TRAIN BUNCH",26,rip,crawford,"rip crawford"
906,"TRAMP OTHERS",26,rip,crawford,"rip crawford"
19,"AMADEUS HOLY",27,julia,mcqueen,"julia mcqueen"
34,"ARABIA DOGMA",27,julia,mcqueen,"julia mcqueen"
85,"BONNIE HOLOCAUST",27,julia,mcqueen,"julia mcqueen"
150,"CIDER DESIRE",27,julia,mcqueen,"julia mcqueen"
172,"CONEHEADS SMOOCHY",27,julia,mcqueen,"julia mcqueen"
273,"EFFECT GLADIATOR",27,julia,mcqueen,"julia mcqueen"
334,"FREDDY STORM",27,julia,mcqueen,"julia mcqueen"
347,"GAMES BOWFINGER",27,julia,mcqueen,"julia mcqueen"
359,"GLADIATOR WESTWARD",27,julia,mcqueen,"julia mcqueen"
398,"HANOVER GALAXY",27,julia,mcqueen,"julia mcqueen"
415,"HIGH ENCINO",27,julia,mcqueen,"julia mcqueen"
462,"INSIDER ARIZONA",27,julia,mcqueen,"julia mcqueen"
477,"JAWBREAKER BROOKLYN",27,julia,mcqueen,"julia mcqueen"
500,"KISS GLORY",27,julia,mcqueen,"julia mcqueen"
503,"KRAMER CHOCOLATE",27,julia,mcqueen,"julia mcqueen"
540,"LUCKY FLYING",27,julia,mcqueen,"julia mcqueen"
586,"MOCKINGBIRD HOLLYWOOD",27,julia,mcqueen,"julia mcqueen"
593,"MONTEREY LABYRINTH",27,julia,mcqueen,"julia mcqueen"
637,"OPEN AFRICAN",27,julia,mcqueen,"julia mcqueen"
679,"PILOT HOOSIERS",27,julia,mcqueen,"julia mcqueen"
682,"PITTSBURGH HUNCHBACK",27,julia,mcqueen,"julia mcqueen"
695,"PRESIDENT BANG",27,julia,mcqueen,"julia mcqueen"
771,"SCORPION APOLLO",27,julia,mcqueen,"julia mcqueen"
805,"SLEEPLESS MONSOON",27,julia,mcqueen,"julia mcqueen"
830,"SPIRIT FLINTSTONES",27,julia,mcqueen,"julia mcqueen"
854,"STRANGERS GRAFFITI",27,julia,mcqueen,"julia mcqueen"
873,"SWEETHEARTS SUSPECTS",27,julia,mcqueen,"julia mcqueen"
880,"TELEMARK HEARTBREAKERS",27,julia,mcqueen,"julia mcqueen"
889,"TIES HUNGER",27,julia,mcqueen,"julia mcqueen"
904,"TRAIN BUNCH",27,julia,mcqueen,"julia mcqueen"
967,"WEEKEND PERSONAL",27,julia,mcqueen,"julia mcqueen"
986,"WONKA SEA",27,julia,mcqueen,"julia mcqueen"
996,"YOUNG LANGUAGE",27,julia,mcqueen,"julia mcqueen"
14,"ALICE FANTASIA",28,woody,hoffman,"woody hoffman"
43,"ATLANTIS CAUSE",28,woody,hoffman,"woody hoffman"
58,"BEACH HEARTBREAKERS",28,woody,hoffman,"woody hoffman"
74,"BIRCH ANTITRUST",28,woody,hoffman,"woody hoffman"
96,"BREAKING HOME",28,woody,hoffman,"woody hoffman"
107,"BUNCH MINDS",28,woody,hoffman,"woody hoffman"
259,"DUCK RACER",28,woody,hoffman,"woody hoffman"
263,"DURHAM PANKY",28,woody,hoffman,"woody hoffman"
287,"ENTRAPMENT SATISFACTION",28,woody,hoffman,"woody hoffman"
358,"GILMORE BOILED",28,woody,hoffman,"woody hoffman"
502,"KNOCK WARLOCK",28,woody,hoffman,"woody hoffman"
508,"LAMBS CINCINATTI",28,woody,hoffman,"woody hoffman"
532,"LOSER HUSTLER",28,woody,hoffman,"woody hoffman"
551,"MAIDEN HOME",28,woody,hoffman,"woody hoffman"
574,"MIDNIGHT WESTWARD",28,woody,hoffman,"woody hoffman"
597,"MOONWALKER FOOL",28,woody,hoffman,"woody hoffman"
619,"NEIGHBORS CHARADE",28,woody,hoffman,"woody hoffman"
625,"NONE SPIKING",28,woody,hoffman,"woody hoffman"
652,"PAJAMA JAWBREAKER",28,woody,hoffman,"woody hoffman"
679,"PILOT HOOSIERS",28,woody,hoffman,"woody hoffman"
743,"ROOM ROMAN",28,woody,hoffman,"woody hoffman"
790,"SHOOTIST SUPERFLY",28,woody,hoffman,"woody hoffman"
793,"SHRUNK DIVINE",28,woody,hoffman,"woody hoffman"
816,"SNOWMAN ROLLERCOASTER",28,woody,hoffman,"woody hoffman"
827,"SPICE SORORITY",28,woody,hoffman,"woody hoffman"
835,"SPY MILE",28,woody,hoffman,"woody hoffman"
879,"TELEGRAPH VOYAGE",28,woody,hoffman,"woody hoffman"
908,"TRAP GUYS",28,woody,hoffman,"woody hoffman"
953,"WAIT CIDER",28,woody,hoffman,"woody hoffman"
973,"WIFE TURN",28,woody,hoffman,"woody hoffman"
994,"WYOMING STORM",28,woody,hoffman,"woody hoffman"
10,"ALADDIN CALENDAR",29,alec,wayne,"alec wayne"
79,"BLADE POLISH",29,alec,wayne,"alec wayne"
105,"BULL SHAWSHANK",29,alec,wayne,"alec wayne"
110,"CABIN FLASH",29,alec,wayne,"alec wayne"
131,"CENTER DINOSAUR",29,alec,wayne,"alec wayne"
133,"CHAMBER ITALIAN",29,alec,wayne,"alec wayne"
172,"CONEHEADS SMOOCHY",29,alec,wayne,"alec wayne"
226,"DESTINY SATURDAY",29,alec,wayne,"alec wayne"
273,"EFFECT GLADIATOR",29,alec,wayne,"alec wayne"
282,"ENCOUNTERS CURTAIN",29,alec,wayne,"alec wayne"
296,"EXPRESS LONELY",29,alec,wayne,"alec wayne"
311,"FICTION CHRISTMAS",29,alec,wayne,"alec wayne"
335,"FREEDOM CLEOPATRA",29,alec,wayne,"alec wayne"
342,"FUGITIVE MAGUIRE",29,alec,wayne,"alec wayne"
436,"HOURS RAGE",29,alec,wayne,"alec wayne"
444,"HUSTLER PARTY",29,alec,wayne,"alec wayne"
449,"IDENTITY LOVER",29,alec,wayne,"alec wayne"
462,"INSIDER ARIZONA",29,alec,wayne,"alec wayne"
482,"JEOPARDY ENCINO",29,alec,wayne,"alec wayne"
488,"JOON NORTHWEST",29,alec,wayne,"alec wayne"
519,"LIBERTY MAGNIFICENT",29,alec,wayne,"alec wayne"
547,"MAGIC MALLRATS",29,alec,wayne,"alec wayne"
590,"MONEY HAROLD",29,alec,wayne,"alec wayne"
646,"OUTBREAK DIVINE",29,alec,wayne,"alec wayne"
723,"REIGN GENTLEMEN",29,alec,wayne,"alec wayne"
812,"SMOKING BARBARELLA",29,alec,wayne,"alec wayne"
862,"SUMMER SCARFACE",29,alec,wayne,"alec wayne"
928,"UPTOWN YOUNG",29,alec,wayne,"alec wayne"
944,"VIRGIN DAISY",29,alec,wayne,"alec wayne"
1,"ACADEMY DINOSAUR",30,sandra,peck,"sandra peck"
53,"BANG KWAI",30,sandra,peck,"sandra peck"
64,"BEETHOVEN EXORCIST",30,sandra,peck,"sandra peck"
69,"BEVERLY OUTLAW",30,sandra,peck,"sandra peck"
77,"BIRDS PERDITION",30,sandra,peck,"sandra peck"
87,"BOONDOCK BALLROOM",30,sandra,peck,"sandra peck"
260,"DUDE BLINDNESS",30,sandra,peck,"sandra peck"
262,"DUMBO LUST",30,sandra,peck,"sandra peck"
286,"ENOUGH RAGING",30,sandra,peck,"sandra peck"
292,"EXCITEMENT EVE",30,sandra,peck,"sandra peck"
301,"FAMILY SWEET",30,sandra,peck,"sandra peck"
318,"FIREHOUSE VIETNAM",30,sandra,peck,"sandra peck"
321,"FLASH WARS",30,sandra,peck,"sandra peck"
357,"GILBERT PELICAN",30,sandra,peck,"sandra peck"
565,"MATRIX SNOWMAN",30,sandra,peck,"sandra peck"
732,"RINGS HEARTBREAKERS",30,sandra,peck,"sandra peck"
797,"SILENCE KANE",30,sandra,peck,"sandra peck"
838,"STAGECOACH ARMAGEDDON",30,sandra,peck,"sandra peck"
945,"VIRGINIAN PLUTO",30,sandra,peck,"sandra peck"
88,"BORN SPINAL",31,sissy,sobieski,"sissy sobieski"
146,"CHITTY LOCK",31,sissy,sobieski,"sissy sobieski"
163,"CLYDE THEORY",31,sissy,sobieski,"sissy sobieski"
164,"COAST RAINBOW",31,sissy,sobieski,"sissy sobieski"
188,"CRAZY HOME",31,sissy,sobieski,"sissy sobieski"
299,"FACTORY DRAGON",31,sissy,sobieski,"sissy sobieski"
308,"FERRIS MOTHER",31,sissy,sobieski,"sissy sobieski"
368,"GONE TROUBLE",31,sissy,sobieski,"sissy sobieski"
380,"GREEK EVERYONE",31,sissy,sobieski,"sissy sobieski"
431,"HOOSIERS BIRDCAGE",31,sissy,sobieski,"sissy sobieski"
585,"MOB DUFFEL",31,sissy,sobieski,"sissy sobieski"
637,"OPEN AFRICAN",31,sissy,sobieski,"sissy sobieski"
700,"PRIX UNDEFEATED",31,sissy,sobieski,"sissy sobieski"
739,"ROCKY WAR",31,sissy,sobieski,"sissy sobieski"
793,"SHRUNK DIVINE",31,sissy,sobieski,"sissy sobieski"
802,"SKY MIRACLE",31,sissy,sobieski,"sissy sobieski"
880,"TELEMARK HEARTBREAKERS",31,sissy,sobieski,"sissy sobieski"
978,"WISDOM WORKER",31,sissy,sobieski,"sissy sobieski"
65,"BEHAVIOR RUNAWAY",32,tim,hackman,"tim hackman"
84,"BOILED DARES",32,tim,hackman,"tim hackman"
103,"BUCKET BROTHERHOOD",32,tim,hackman,"tim hackman"
112,"CALENDAR GUNFIGHT",32,tim,hackman,"tim hackman"
136,"CHAPLIN LICENSE",32,tim,hackman,"tim hackman"
197,"CRUSADE HONEY",32,tim,hackman,"tim hackman"
199,"CUPBOARD SINNERS",32,tim,hackman,"tim hackman"
219,"DEEP CRUSADE",32,tim,hackman,"tim hackman"
309,"FEUD FROGMEN",32,tim,hackman,"tim hackman"
312,"FIDDLER LOST",32,tim,hackman,"tim hackman"
401,"HAROLD FRENCH",32,tim,hackman,"tim hackman"
427,"HOMEWARD CIDER",32,tim,hackman,"tim hackman"
431,"HOOSIERS BIRDCAGE",32,tim,hackman,"tim hackman"
523,"LIGHTS DEER",32,tim,hackman,"tim hackman"
567,"MEET CHOCOLATE",32,tim,hackman,"tim hackman"
585,"MOB DUFFEL",32,tim,hackman,"tim hackman"
606,"MUMMY CREATURES",32,tim,hackman,"tim hackman"
651,"PACKER MADIGAN",32,tim,hackman,"tim hackman"
667,"PEACH INNOCENT",32,tim,hackman,"tim hackman"
669,"PEARL DESTINY",32,tim,hackman,"tim hackman"
815,"SNATCHERS MONTEZUMA",32,tim,hackman,"tim hackman"
928,"UPTOWN YOUNG",32,tim,hackman,"tim hackman"
980,"WIZARD COLDBLOODED",32,tim,hackman,"tim hackman"
56,"BAREFOOT MANCHURIAN",33,milla,peck,"milla peck"
112,"CALENDAR GUNFIGHT",33,milla,peck,"milla peck"
135,"CHANCE RESURRECTION",33,milla,peck,"milla peck"
154,"CLASH FREDDY",33,milla,peck,"milla peck"
214,"DAUGHTER MADIGAN",33,milla,peck,"milla peck"
252,"DREAM PICKUP",33,milla,peck,"milla peck"
305,"FATAL HAUNTED",33,milla,peck,"milla peck"
306,"FEATHERS METAL",33,milla,peck,"milla peck"
473,"JACKET FRISCO",33,milla,peck,"milla peck"
489,"JUGGLER HARDLY",33,milla,peck,"milla peck"
574,"MIDNIGHT WESTWARD",33,milla,peck,"milla peck"
618,"NECKLACE OUTBREAK",33,milla,peck,"milla peck"
667,"PEACH INNOCENT",33,milla,peck,"milla peck"
694,"PREJUDICE OLEANDER",33,milla,peck,"milla peck"
712,"RAIDERS ANTITRUST",33,milla,peck,"milla peck"
735,"ROBBERS JOON",33,milla,peck,"milla peck"
737,"ROCK INSTINCT",33,milla,peck,"milla peck"
754,"RUSHMORE MERMAID",33,milla,peck,"milla peck"
775,"SEATTLE EXPECATIONS",33,milla,peck,"milla peck"
878,"TEEN APOLLO",33,milla,peck,"milla peck"
881,"TEMPLE ATTRACTION",33,milla,peck,"milla peck"
965,"WATERSHIP FRONTIER",33,milla,peck,"milla peck"
972,"WHISPERER GIANT",33,milla,peck,"milla peck"
993,"WRONG BEHAVIOR",33,milla,peck,"milla peck"
43,"ATLANTIS CAUSE",34,audrey,olivier,"audrey olivier"
90,"BOULEVARD MOB",34,audrey,olivier,"audrey olivier"
119,"CAPER MOTIONS",34,audrey,olivier,"audrey olivier"
125,"CASSIDY WYOMING",34,audrey,olivier,"audrey olivier"
172,"CONEHEADS SMOOCHY",34,audrey,olivier,"audrey olivier"
182,"CONTROL ANTHEM",34,audrey,olivier,"audrey olivier"
244,"DORADO NOTTING",34,audrey,olivier,"audrey olivier"
336,"FRENCH HOLIDAY",34,audrey,olivier,"audrey olivier"
389,"GUNFIGHTER MUSSOLINI",34,audrey,olivier,"audrey olivier"
393,"HALLOWEEN NUTS",34,audrey,olivier,"audrey olivier"
438,"HUMAN GRAFFITI",34,audrey,olivier,"audrey olivier"
493,"KANE EXORCIST",34,audrey,olivier,"audrey olivier"
502,"KNOCK WARLOCK",34,audrey,olivier,"audrey olivier"
525,"LOATHING LEGALLY",34,audrey,olivier,"audrey olivier"
668,"PEAK FOREVER",34,audrey,olivier,"audrey olivier"
720,"REDEMPTION COMFORTS",34,audrey,olivier,"audrey olivier"
779,"SENSE GREEK",34,audrey,olivier,"audrey olivier"
788,"SHIP WONDERLAND",34,audrey,olivier,"audrey olivier"
794,"SIDE ARK",34,audrey,olivier,"audrey olivier"
836,"SQUAD FISH",34,audrey,olivier,"audrey olivier"
846,"STING PERSONAL",34,audrey,olivier,"audrey olivier"
853,"STRANGER STRANGERS",34,audrey,olivier,"audrey olivier"
929,"USUAL UNTOUCHABLES",34,audrey,olivier,"audrey olivier"
950,"VOLUME HOUSE",34,audrey,olivier,"audrey olivier"
971,"WHALE BIKINI",34,audrey,olivier,"audrey olivier"
10,"ALADDIN CALENDAR",35,judy,dean,"judy dean"
35,"ARACHNOPHOBIA ROLLERCOASTER",35,judy,dean,"judy dean"
52,"BALLROOM MOCKINGBIRD",35,judy,dean,"judy dean"
201,"CYCLONE FAMILY",35,judy,dean,"judy dean"
256,"DROP WATERFRONT",35,judy,dean,"judy dean"
389,"GUNFIGHTER MUSSOLINI",35,judy,dean,"judy dean"
589,"MODERN DORADO",35,judy,dean,"judy dean"
612,"MUSSOLINI SPOILERS",35,judy,dean,"judy dean"
615,"NASH CHOCOLAT",35,judy,dean,"judy dean"
707,"QUEST MUSSOLINI",35,judy,dean,"judy dean"
732,"RINGS HEARTBREAKERS",35,judy,dean,"judy dean"
738,"ROCKETEER MOTHER",35,judy,dean,"judy dean"
748,"RUGRATS SHAKESPEARE",35,judy,dean,"judy dean"
817,"SOLDIERS EVOLUTION",35,judy,dean,"judy dean"
914,"TROUBLE DATE",35,judy,dean,"judy dean"
15,"ALIEN CENTER",36,burt,dukakis,"burt dukakis"
81,"BLINDNESS GUN",36,burt,dukakis,"burt dukakis"
171,"COMMANDMENTS EXPRESS",36,burt,dukakis,"burt dukakis"
231,"DINOSAUR SECRETARY",36,burt,dukakis,"burt dukakis"
245,"DOUBLE WRATH",36,burt,dukakis,"burt dukakis"
283,"ENDING CROWDS",36,burt,dukakis,"burt dukakis"
380,"GREEK EVERYONE",36,burt,dukakis,"burt dukakis"
381,"GRINCH MASSAGE",36,burt,dukakis,"burt dukakis"
387,"GUN BONNIE",36,burt,dukakis,"burt dukakis"
390,"GUYS FALCON",36,burt,dukakis,"burt dukakis"
410,"HEAVEN FREEDOM",36,burt,dukakis,"burt dukakis"
426,"HOME PITY",36,burt,dukakis,"burt dukakis"
427,"HOMEWARD CIDER",36,burt,dukakis,"burt dukakis"
453,"IMAGE PRINCESS",36,burt,dukakis,"burt dukakis"
466,"INTOLERABLE INTENTIONS",36,burt,dukakis,"burt dukakis"
484,"JERK PAYCHECK",36,burt,dukakis,"burt dukakis"
493,"KANE EXORCIST",36,burt,dukakis,"burt dukakis"
499,"KING EVOLUTION",36,burt,dukakis,"burt dukakis"
569,"MENAGERIE RUSHMORE",36,burt,dukakis,"burt dukakis"
590,"MONEY HAROLD",36,burt,dukakis,"burt dukakis"
600,"MOTIONS DETAILS",36,burt,dukakis,"burt dukakis"
714,"RANDOM GO",36,burt,dukakis,"burt dukakis"
715,"RANGE MOONWALKER",36,burt,dukakis,"burt dukakis"
716,"REAP UNFAITHFUL",36,burt,dukakis,"burt dukakis"
731,"RIGHT CRANES",36,burt,dukakis,"burt dukakis"
875,"TALENTED HOMICIDE",36,burt,dukakis,"burt dukakis"
915,"TRUMAN CRAZY",36,burt,dukakis,"burt dukakis"
931,"VALENTINE VANISHING",36,burt,dukakis,"burt dukakis"
956,"WANDA CHAMBER",36,burt,dukakis,"burt dukakis"
10,"ALADDIN CALENDAR",37,val,bolger,"val bolger"
12,"ALASKA PHANTOM",37,val,bolger,"val bolger"
19,"AMADEUS HOLY",37,val,bolger,"val bolger"
118,"CANYON STOCK",37,val,bolger,"val bolger"
119,"CAPER MOTIONS",37,val,bolger,"val bolger"
122,"CARRIE BUNCH",37,val,bolger,"val bolger"
146,"CHITTY LOCK",37,val,bolger,"val bolger"
204,"DALMATIONS SWEDEN",37,val,bolger,"val bolger"
253,"DRIFTER COMMANDMENTS",37,val,bolger,"val bolger"
260,"DUDE BLINDNESS",37,val,bolger,"val bolger"
277,"ELEPHANT TROJAN",37,val,bolger,"val bolger"
317,"FIREBALL PHILADELPHIA",37,val,bolger,"val bolger"
467,"INTRIGUE WORST",37,val,bolger,"val bolger"
477,"JAWBREAKER BROOKLYN",37,val,bolger,"val bolger"
485,"JERSEY SASSY",37,val,bolger,"val bolger"
508,"LAMBS CINCINATTI",37,val,bolger,"val bolger"
529,"LONELY ELEPHANT",37,val,bolger,"val bolger"
553,"MAKER GABLES",37,val,bolger,"val bolger"
555,"MALLRATS UNITED",37,val,bolger,"val bolger"
572,"METROPOLIS COMA",37,val,bolger,"val bolger"
588,"MODEL FISH",37,val,bolger,"val bolger"
662,"PATHS CONTROL",37,val,bolger,"val bolger"
663,"PATIENT SISTER",37,val,bolger,"val bolger"
694,"PREJUDICE OLEANDER",37,val,bolger,"val bolger"
697,"PRIMARY GLASS",37,val,bolger,"val bolger"
785,"SHAWSHANK BUBBLE",37,val,bolger,"val bolger"
839,"STALLION SUNDANCE",37,val,bolger,"val bolger"
840,"STAMPEDE DISTURBING",37,val,bolger,"val bolger"
853,"STRANGER STRANGERS",37,val,bolger,"val bolger"
900,"TOWN ARK",37,val,bolger,"val bolger"
925,"UNITED PILOT",37,val,bolger,"val bolger"
963,"WATCH TRACY",37,val,bolger,"val bolger"
966,"WEDDING APOLLO",37,val,bolger,"val bolger"
989,"WORKING MICROCOSMOS",37,val,bolger,"val bolger"
997,"YOUTH KICK",37,val,bolger,"val bolger"
24,"ANALYZE HOOSIERS",38,tom,mckellen,"tom mckellen"
111,"CADDYSHACK JEDI",38,tom,mckellen,"tom mckellen"
160,"CLUB GRAFFITI",38,tom,mckellen,"tom mckellen"
176,"CONGENIALITY QUEST",38,tom,mckellen,"tom mckellen"
223,"DESIRE ALIEN",38,tom,mckellen,"tom mckellen"
241,"DONNIE ALLEY",38,tom,mckellen,"tom mckellen"
274,"EGG IGBY",38,tom,mckellen,"tom mckellen"
335,"FREEDOM CLEOPATRA",38,tom,mckellen,"tom mckellen"
338,"FRISCO FORREST",38,tom,mckellen,"tom mckellen"
353,"GENTLEMEN STAGE",38,tom,mckellen,"tom mckellen"
448,"IDAHO LOVE",38,tom,mckellen,"tom mckellen"
450,"IDOLS SNATCHERS",38,tom,mckellen,"tom mckellen"
458,"INDIAN LOVE",38,tom,mckellen,"tom mckellen"
501,"KISSING DOLLS",38,tom,mckellen,"tom mckellen"
516,"LEGEND JEDI",38,tom,mckellen,"tom mckellen"
547,"MAGIC MALLRATS",38,tom,mckellen,"tom mckellen"
583,"MISSION ZOOLANDER",38,tom,mckellen,"tom mckellen"
618,"NECKLACE OUTBREAK",38,tom,mckellen,"tom mckellen"
619,"NEIGHBORS CHARADE",38,tom,mckellen,"tom mckellen"
705,"PURPLE MOVIE",38,tom,mckellen,"tom mckellen"
793,"SHRUNK DIVINE",38,tom,mckellen,"tom mckellen"
827,"SPICE SORORITY",38,tom,mckellen,"tom mckellen"
839,"STALLION SUNDANCE",38,tom,mckellen,"tom mckellen"
853,"STRANGER STRANGERS",38,tom,mckellen,"tom mckellen"
876,"TARZAN VIDEOTAPE",38,tom,mckellen,"tom mckellen"
71,"BILKO ANONYMOUS",39,goldie,brody,"goldie brody"
73,"BINGO TALENTED",39,goldie,brody,"goldie brody"
168,"COMANCHEROS ENEMY",39,goldie,brody,"goldie brody"
203,"DAISY MENAGERIE",39,goldie,brody,"goldie brody"
222,"DESERT POSEIDON",39,goldie,brody,"goldie brody"
290,"EVERYONE CRAFT",39,goldie,brody,"goldie brody"
293,"EXORCIST STING",39,goldie,brody,"goldie brody"
